Vitus Firsttracks Enduro Cup,34
Vitus Firsttracks Enduro Cup,28
Vitus Firsttracks Enduro Cup,10
Vitus Firsttracks Enduro Cup,0
Aviemore Triathlon,35
Aviemore Triathlon,28
Aviemore Triathlon,10
Aviemore Triathlon,0
Ridelines Enjoyro,35
Ridelines Enjoyro,28
Ridelines Enjoyro,10
Ridelines Enjoyro,0
Battle On The Beach ,35
Battle On The Beach ,28
Battle On The Beach ,10
Battle On The Beach ,0
Macavalanche,35
Macavalanche,28
Macavalanche,10
Macavalanche,0
London To Brighton Off-Road At Night,35
London To Brighton Off-Road At Night,28
London To Brighton Off-Road At Night,10
London To Brighton Off-Road At Night,0
10 Under The Ben,35
10 Under The Ben,28
10 Under The Ben,10
10 Under The Ben,0
Tweedlove Bike Festival,35
Tweedlove Bike Festival,28
Tweedlove Bike Festival,10
Tweedlove Bike Festival,0
Mountain Bike World Cup,35
Mountain Bike World Cup,28
Mountain Bike World Cup,10
Mountain Bike World Cup,0
Relentless 24,35
Relentless 24,28
Relentless 24,10
Relentless 24,0
Custon Event One,35
Custon Event One,28
Custon Event One,10
Custon Event One,0
Custon Event Two,35
Custon Event Two,28
Custon Event Two,10
Custon Event Two,0
Custon Event Tree,35
Custon Event Tree,28
Custon Event Tree,10
Custon Event Tree,0
Custon Event Four,35
Custon Event Four,28
Custon Event Four,10
Custon Event Four,0
Custon Event Five,35
Custon Event Five,28
Custon Event Five,10
Custon Event Five,0
